user_registration_id,user_id,username,registration_email,user_email,full_name,ip_address,social_media_handle
1,2,jrodriguez,jrodriguez@example.com,jrodriguez@example.com,Jason Rodriguez,172.18.54.245,jrodriguez
2,5,mwallace,mwallace@example.com,mwallace@example.com,Michael Wallace,172.31.71.19,mwallace
3,6,ehayes,ehayes@example.net,ehayes@example.net,Eileen Hayes,172.24.221.226,
4,7,droberson,droberson@example.com,droberson@example.com,Deborah Roberson,172.26.209.141,droberson
5,8,bvalenzuela,bvalenzuela@example.com,bvalenzuela@example.com,Brian Valenzuela,192.168.185.176,
6,10,chaynes,chaynes@example.com,chaynes@example.com,Catherine Haynes,172.21.154.6,chaynes
7,11,btran,btran@example.net,btran@example.net,Beth Tran,192.168.57.86,
8,18,jward,jward@example.org,jward@example.org,Jennifer Ward,172.22.243.15,
9,19,dwhite,dwhite@example.com,dwhite@example.com,Daisy White,172.23.215.121,
10,23,agreene,agreene@example.com,agreene@example.com,Amanda Greene,172.27.112.177,agreene
11,24,skelley,skelley@example.net,skelley@example.net,Susan Kelley,10.246.109.73,
12,25,dandrade,dandrade@example.org,dandrade@example.org,David Andrade,10.17.103.231,
13,26,jsmith,jsmith@example.net,jsmith@example.net,James Smith,192.168.26.194,
14,29,cvance,cvance@example.net,cvance@example.net,Chelsea Vance,192.168.8.10,cvance
15,30,mschmidt,mschmidt@example.net,mschmidt@example.net,Mary Schmidt,172.30.70.134,mschmidt
16,31,tmiller,tmiller@example.com,tmiller@example.com,Thomas Miller,172.17.69.142,tmiller
17,32,khodge,khodge@example.net,khodge@example.net,Kayla Hodge,10.163.33.222,khodge
18,34,lrich,lrich@example.com,lrich@example.com,Lisa Rich,172.28.40.236,lrich
19,37,rvega,rvega@example.com,rvega@example.com,Rachel Vega,172.30.72.246,rvega
20,47,jbennett,jbennett@example.net,jbennett@example.net,Jared Bennett,192.168.107.110,
21,49,abrown,abrown@example.net,abrown@example.net,Ann Brown,10.215.38.206,abrown
22,50,rmay,rmay@example.org,rmay@example.org,Robert May,192.168.134.203,rmay
23,51,creilly,creilly@example.net,creilly@example.net,Christian Reilly,192.168.107.236,
24,54,jthompson,jthompson@example.org,jthompson@example.org,Janet Thompson,10.204.219.184,
25,55,pallison,pallison@example.com,pallison@example.com,Patrick Allison,10.211.117.58,pallison
26,58,bfranklin,bfranklin@example.com,bfranklin@example.com,Brittney Franklin,192.168.80.151,bfranklin
27,62,cgallagher,cgallagher@example.net,cgallagher@example.net,Christina Gallagher,172.27.7.129,cgallagher
28,65,bbutler,bbutler@example.org,bbutler@example.org,Brooke Butler,192.168.121.60,
29,70,thorne,thorne@example.org,thorne@example.org,Teresa Horne,172.24.163.185,
30,73,bperkins,bperkins@example.com,bperkins@example.com,Brent Perkins,172.17.203.27,
31,78,zroberts,zroberts@example.net,zroberts@example.net,Zachary Roberts,10.142.117.61,zroberts
32,79,cgardner,cgardner@example.com,cgardner@example.com,Christine Gardner,192.168.52.22,
33,81,sadams,sadams@example.com,sadams@example.com,Sean Adams,172.23.82.199,
34,83,rjackson,rjackson@example.net,rjackson@example.net,Ryan Jackson,192.168.56.251,rjackson
35,84,awalker,awalker@example.com,awalker@example.com,Angela Walker,192.168.191.90,
36,85,dyoung,dyoung@example.net,dyoung@example.net,Daniel Young,172.17.183.180,dyoung
37,87,tgraves,tgraves@example.net,tgraves@example.net,Tanya Graves,10.218.175.16,
38,92,mray,mray@example.org,mray@example.org,Michele Ray,192.168.93.245,
39,95,kvillanueva,kvillanueva@example.net,kvillanueva@example.net,Kevin Villanueva,10.198.59.142,kvillanueva
40,96,npugh,npugh@example.net,npugh@example.net,Nicole Pugh,192.168.46.70,npugh
41,97,dyates,dyates@example.com,dyates@example.com,Dawn Yates,172.21.209.239,dyates
42,99,jbradley,jbradley@example.org,jbradley@example.org,Julie Bradley,192.168.141.242,
43,107,fwarren,fwarren@example.net,fwarren@example.net,Fernando Warren,172.29.253.248,fwarren
44,112,iking,iking@example.net,iking@example.net,Isaiah King,10.237.74.244,iking
45,114,klivingston,klivingston@example.net,klivingston@example.net,Kurt Livingston,192.168.65.95,klivingston
46,121,mlittle,mlittle@example.com,mlittle@example.com,Mikayla Little,172.18.239.118,mlittle
47,123,sgarza,sgarza@example.net,sgarza@example.net,Sheri Garza,172.21.26.34,sgarza
48,124,rpatrick,rpatrick@example.org,rpatrick@example.org,Roger Patrick,172.16.112.104,
49,125,rwright,rwright@example.net,rwright@example.net,Russell Wright,10.177.91.59,
50,127,gconrad,gconrad@example.com,gconrad@example.com,Glenn Conrad,192.168.6.109,
51,128,tchambers,tchambers@example.com,tchambers@example.com,Tiffany Chambers,10.235.247.52,
52,129,showard,showard@example.org,showard@example.org,Sarah Howard,172.25.135.154,showard
53,130,mbowman,mbowman@example.org,mbowman@example.org,Martin Bowman,192.168.149.134,mbowman
54,131,amorgan,amorgan@example.com,amorgan@example.com,Ashley Morgan,10.122.251.232,amorgan
55,133,baustin,baustin@example.org,baustin@example.org,Bailey Austin,172.23.1.145,baustin
56,134,sho,sho@example.com,sho@example.com,Sandra Ho,172.16.223.213,
57,135,bmorton,bmorton@example.org,bmorton@example.org,Bryan Morton,192.168.50.171,bmorton
58,138,lreyes,lreyes@example.net,lreyes@example.net,Larry Reyes,10.64.70.182,lreyes
59,139,vrivera,vrivera@example.com,vrivera@example.com,Vincent Rivera,172.25.229.159,
60,142,mmaddox,mmaddox@example.net,mmaddox@example.net,Mike Maddox,192.168.59.140,
61,144,mlutz,mlutz@example.com,mlutz@example.com,Manuel Lutz,172.29.143.74,
62,146,kbrooks,kbrooks@example.net,kbrooks@example.net,Kimberly Brooks,172.24.198.167,
63,148,ereese,ereese@example.net,ereese@example.net,Erika Reese,172.16.248.3,ereese
64,151,cschwartz,cschwartz@example.org,cschwartz@example.org,Carol Schwartz,192.168.73.205,
65,152,nperez,nperez@example.org,nperez@example.org,Nathan Perez,192.168.147.21,nperez
66,153,cesparza,cesparza@example.org,cesparza@example.org,Charles Esparza,10.29.61.28,cesparza
67,157,agibson,agibson@example.com,agibson@example.com,Aaron Gibson,192.168.139.37,agibson
68,158,khess,khess@example.com,khess@example.com,Kristina Hess,172.17.14.51,khess
69,160,szimmerman,szimmerman@example.org,szimmerman@example.org,Shawn Zimmerman,172.26.105.132,szimmerman
70,163,amccall,amccall@example.org,amccall@example.org,Austin Mccall,192.168.10.77,amccall
71,166,lvaldez,lvaldez@example.org,lvaldez@example.org,Lynn Valdez,172.26.30.22,lvaldez
72,170,cbautista,cbautista@example.net,cbautista@example.net,Crystal Bautista,192.168.249.212,
73,171,mgonzalez,mgonzalez@example.org,mgonzalez@example.org,Melody Gonzalez,172.28.97.140,mgonzalez
74,174,ksullivan,ksullivan@example.org,ksullivan@example.org,Kendra Sullivan,172.29.209.66,
75,177,shurst,shurst@example.net,shurst@example.net,Stephen Hurst,172.19.119.95,
76,178,acunningham,acunningham@example.net,acunningham@example.net,Abigail Cunningham,172.24.35.45,
77,180,wmcmillan,wmcmillan@example.com,wmcmillan@example.com,William Mcmillan,10.65.156.77,
78,183,gwiggins,gwiggins@example.org,gwiggins@example.org,Gabriel Wiggins,172.22.164.40,gwiggins
79,184,egould,egould@example.org,egould@example.org,Erin Gould,192.168.200.42,
80,185,bwells,bwells@example.org,bwells@example.org,Brandon Wells,192.168.54.21,bwells
81,194,reaton,reaton@example.com,reaton@example.com,Randy Eaton,172.16.153.106,reaton
82,199,abarrett,abarrett@example.org,abarrett@example.org,Alexis Barrett,192.168.175.158,
83,200,salexander,salexander@example.net,salexander@example.net,Stacey Alexander,192.168.234.103,salexander
84,202,llopez,llopez@example.org,llopez@example.org,Luke Lopez,10.23.121.71,llopez
85,204,pestes,pestes@example.com,pestes@example.com,Peter Estes,192.168.78.243,pestes
86,209,amclaughlin,amclaughlin@example.com,amclaughlin@example.com,Alicia Mclaughlin,192.168.33.9,amclaughlin
87,211,mgordon,mgordon@example.net,mgordon@example.net,Monica Gordon,192.168.43.5,
88,213,gbryant,gbryant@example.org,gbryant@example.org,George Bryant,192.168.30.115,
89,216,jhooper,jhooper@example.net,jhooper@example.net,Jeffery Hooper,172.22.72.217,jhooper
90,218,aschultz,aschultz@example.org,aschultz@example.org,Anita Schultz,192.168.123.54,aschultz
91,221,jenglish,jenglish@example.org,jenglish@example.org,Jacqueline English,10.78.228.213,jenglish
92,223,jbecker,jbecker@example.net,jbecker@example.net,Jillian Becker,192.168.38.20,jbecker
93,230,tsims,tsims@example.net,tsims@example.net,Theresa Sims,192.168.77.236,tsims
94,232,croy,croy@example.org,croy@example.org,Cory Roy,10.217.19.58,croy
95,233,gpena,gpena@example.com,gpena@example.com,Gary Pena,172.24.245.230,
96,235,boliver,boliver@example.net,boliver@example.net,Blake Oliver,192.168.138.74,
97,237,bhutchinson,bhutchinson@example.net,bhutchinson@example.net,Brenda Hutchinson,192.168.242.5,
98,240,amoran,amoran@example.net,amoran@example.net,Amber Moran,10.182.247.84,
99,241,hclark,hclark@example.org,hclark@example.org,Harold Clark,10.137.157.151,hclark
100,242,cstone,cstone@example.com,cstone@example.com,Cheyenne Stone,10.121.109.88,cstone
101,244,mbeck,mbeck@example.net,mbeck@example.net,Melanie Beck,192.168.212.123,mbeck
102,245,rholt,rholt@example.net,rholt@example.net,Rebecca Holt,192.168.20.84,rholt
103,246,lcantu,lcantu@example.net,lcantu@example.net,Lorraine Cantu,192.168.158.97,lcantu
104,247,staylor,staylor@example.com,staylor@example.com,Sharon Taylor,192.168.200.99,staylor
105,251,kfigueroa,kfigueroa@example.com,kfigueroa@example.com,Krista Figueroa,192.168.194.115,kfigueroa
106,255,arose,arose@example.org,arose@example.org,Alan Rose,172.29.215.223,arose
107,256,danderson,danderson@example.org,danderson@example.org,Donna Anderson,10.250.203.139,danderson
108,258,hglass,hglass@example.net,hglass@example.net,Heather Glass,172.23.235.165,hglass
109,259,jmaynard,jmaynard@example.net,jmaynard@example.net,Jordan Maynard,172.31.84.142,jmaynard
110,263,mramos,mramos@example.com,mramos@example.com,Marc Ramos,172.19.153.245,mramos
111,264,ehorton,ehorton@example.org,ehorton@example.org,Evelyn Horton,10.192.255.240,
112,267,fpollard,fpollard@example.org,fpollard@example.org,Felicia Pollard,172.19.38.243,
113,270,anewman,anewman@example.org,anewman@example.org,Alison Newman,10.24.89.231,anewman
114,271,vhall,vhall@example.net,vhall@example.net,Virginia Hall,172.19.109.28,vhall
115,275,tfoley,tfoley@example.org,tfoley@example.org,Tammy Foley,192.168.185.14,tfoley
116,277,jcarter,jcarter@example.com,jcarter@example.com,Jackie Carter,192.168.177.84,jcarter
117,283,rsampson,rsampson@example.org,rsampson@example.org,Randall Sampson,172.30.40.203,rsampson
118,284,lbaxter,lbaxter@example.net,lbaxter@example.net,Lori Baxter,192.168.19.14,lbaxter
119,285,ddunn,ddunn@example.com,ddunn@example.com,Dean Dunn,192.168.176.87,
120,287,jduncan,jduncan@example.org,jduncan@example.org,Jeremiah Duncan,192.168.194.44,
121,288,isellers,isellers@example.com,isellers@example.com,Isaac Sellers,192.168.189.31,isellers
122,291,ckemp,ckemp@example.net,ckemp@example.net,Cameron Kemp,10.7.32.63,
123,297,thowell,thowell@example.com,thowell@example.com,Trevor Howell,10.163.2.215,thowell
124,298,lsutton,lsutton@example.com,lsutton@example.com,Logan Sutton,172.23.141.129,lsutton
125,300,gchase,gchase@example.com,gchase@example.com,Gene Chase,10.62.118.15,
126,301,croth,croth@example.org,croth@example.org,Carolyn Roth,172.27.235.136,
127,302,sfoster,sfoster@example.net,sfoster@example.net,Sheila Foster,192.168.188.49,sfoster
128,303,wconley,wconley@example.net,wconley@example.net,Wayne Conley,172.27.25.38,wconley
129,304,dwade,dwade@example.net,dwade@example.net,Danny Wade,192.168.109.101,dwade
130,305,anavarro,anavarro@example.org,anavarro@example.org,Andre Navarro,10.140.20.50,
131,315,pvaughn,pvaughn@example.org,pvaughn@example.org,Pamela Vaughn,172.16.183.195,
132,316,jhancock,jhancock@example.com,jhancock@example.com,Justin Hancock,10.221.177.173,jhancock
133,323,kfarrell,kfarrell@example.com,kfarrell@example.com,Karina Farrell,192.168.244.96,kfarrell
134,325,wchurch,wchurch@example.net,wchurch@example.net,Wanda Church,192.168.109.225,wchurch
135,329,sstafford,sstafford@example.org,sstafford@example.org,Shelley Stafford,172.19.109.155,sstafford
136,338,rmccoy,rmccoy@example.org,rmccoy@example.org,Robin Mccoy,10.176.41.164,rmccoy
137,340,fgates,fgates@example.net,fgates@example.net,Francisco Gates,10.63.230.69,fgates
138,344,rpowers,rpowers@example.net,rpowers@example.net,Raymond Powers,172.20.58.102,rpowers
139,346,gliu,gliu@example.org,gliu@example.org,Gina Liu,10.151.69.100,
140,349,arangel,arangel@example.org,arangel@example.org,Amy Rangel,10.79.230.98,
141,352,arichard,arichard@example.net,arichard@example.net,Albert Richard,10.119.11.18,arichard
142,353,dguerra,dguerra@example.org,dguerra@example.org,Doris Guerra,192.168.44.219,dguerra
143,357,gdavidson,gdavidson@example.org,gdavidson@example.org,Grace Davidson,192.168.32.70,gdavidson
144,359,bbarnes,bbarnes@example.net,bbarnes@example.net,Brett Barnes,10.133.247.105,bbarnes
145,360,aharding,aharding@example.com,aharding@example.com,Ashlee Harding,172.27.60.222,
146,361,gpatterson,gpatterson@example.org,gpatterson@example.org,Gilbert Patterson,192.168.106.108,
147,363,mswanson,mswanson@example.org,mswanson@example.org,Marco Swanson,10.198.120.199,mswanson
148,365,kvilla,kvilla@example.net,kvilla@example.net,Kristy Villa,192.168.248.27,kvilla
149,367,mhammond,mhammond@example.net,mhammond@example.net,Meredith Hammond,10.134.105.9,mhammond
150,375,wwalsh,wwalsh@example.com,wwalsh@example.com,Wendy Walsh,10.35.181.195,
151,376,epark,epark@example.org,epark@example.org,Eugene Park,172.24.0.242,
152,378,ypitts,ypitts@example.com,ypitts@example.com,Yolanda Pitts,192.168.31.104,ypitts
153,382,xhester,xhester@example.net,xhester@example.net,Xavier Hester,172.21.35.21,xhester
154,385,dcordova,dcordova@example.com,dcordova@example.com,Drew Cordova,192.168.3.27,dcordova
155,391,mbaird,mbaird@example.net,mbaird@example.net,Margaret Baird,172.26.199.82,
156,395,cmorrison,cmorrison@example.net,cmorrison@example.net,Colin Morrison,10.129.26.250,cmorrison
157,396,vfuller,vfuller@example.net,vfuller@example.net,Victor Fuller,10.81.56.40,
158,401,ldeleon,ldeleon@example.com,ldeleon@example.com,Leah Deleon,192.168.225.226,
159,404,swillis,swillis@example.com,swillis@example.com,Sherry Willis,192.168.73.23,swillis
160,409,cmcmahon,cmcmahon@example.com,cmcmahon@example.com,Colleen Mcmahon,172.26.48.71,
161,412,dkeller,dkeller@example.com,dkeller@example.com,Dillon Keller,172.27.207.80,
162,416,rreed,rreed@example.org,rreed@example.org,Reginald Reed,10.167.81.0,rreed
163,418,ccross,ccross@example.org,ccross@example.org,Casey Cross,10.162.149.64,ccross
164,419,rspence,rspence@example.com,rspence@example.com,Regina Spence,172.22.75.229,rspence
165,421,dhatfield,dhatfield@example.org,dhatfield@example.org,Dennis Hatfield,192.168.123.177,dhatfield
166,423,smonroe,smonroe@example.net,smonroe@example.net,Shelly Monroe,10.161.21.126,
167,428,tschaefer,tschaefer@example.net,tschaefer@example.net,Tanner Schaefer,172.29.39.47,
168,429,jhinton,jhinton@example.org,jhinton@example.org,Jeanne Hinton,192.168.73.80,
169,430,tfisher,tfisher@example.org,tfisher@example.org,Troy Fisher,10.97.158.72,
170,432,edouglas,edouglas@example.org,edouglas@example.org,Ellen Douglas,10.191.119.231,edouglas
171,434,strujillo,strujillo@example.net,strujillo@example.net,Stacie Trujillo,10.86.238.154,strujillo
172,435,kbarton,kbarton@example.com,kbarton@example.com,Katelyn Barton,192.168.93.212,
173,437,dharper,dharper@example.net,dharper@example.net,Debbie Harper,192.168.241.152,dharper
174,438,rshields,rshields@example.net,rshields@example.net,Ronnie Shields,10.140.222.206,rshields
175,439,pcarr,pcarr@example.com,pcarr@example.com,Peggy Carr,192.168.136.135,
176,442,lmurillo,lmurillo@example.com,lmurillo@example.com,Lindsay Murillo,10.2.245.27,
177,444,sbonilla,sbonilla@example.org,sbonilla@example.org,Stefanie Bonilla,172.26.54.118,sbonilla
178,445,cmiranda,cmiranda@example.net,cmiranda@example.net,Caroline Miranda,10.166.48.124,cmiranda
179,446,dtodd,dtodd@example.org,dtodd@example.org,Duane Todd,10.30.199.17,dtodd
180,449,scurry,scurry@example.org,scurry@example.org,Shelby Curry,10.70.68.39,
181,455,gsingleton,gsingleton@example.org,gsingleton@example.org,Greg Singleton,172.25.13.30,gsingleton
182,456,janthony,janthony@example.org,janthony@example.org,Jo Anthony,10.243.130.184,
183,461,lgarrett,lgarrett@example.org,lgarrett@example.org,Lee Garrett,10.163.53.148,
184,464,nduran,nduran@example.com,nduran@example.com,Natalie Duran,192.168.91.65,nduran
185,466,khuff,khuff@example.net,khuff@example.net,Kara Huff,172.30.45.125,
186,469,jhudson,jhudson@example.com,jhudson@example.com,Jon Hudson,10.36.173.98,jhudson
187,472,npineda,npineda@example.org,npineda@example.org,Norma Pineda,172.22.11.214,
188,474,jobrien,jobrien@example.com,jobrien@example.com,Jack Obrien,172.30.209.16,jobrien
189,475,mglenn,mglenn@example.org,mglenn@example.org,Mariah Glenn,10.150.219.157,mglenn
190,477,cbush,cbush@example.com,cbush@example.com,Cathy Bush,10.82.59.192,
191,479,dday,dday@example.org,dday@example.org,Dorothy Day,10.22.13.104,
192,484,mfrey,mfrey@example.org,mfrey@example.org,Malik Frey,10.157.59.183,
193,485,bpoole,bpoole@example.com,bpoole@example.com,Brianna Poole,10.200.55.105,bpoole
194,486,rcummings,rcummings@example.com,rcummings@example.com,Rachael Cummings,172.25.241.100,rcummings
195,487,dbolton,dbolton@example.com,dbolton@example.com,Darryl Bolton,172.28.153.79,dbolton
196,492,lnewton,lnewton@example.com,lnewton@example.com,Lucas Newton,172.29.218.247,lnewton
197,496,tflynn,tflynn@example.net,tflynn@example.net,Tim Flynn,172.24.146.105,
198,498,cwu,cwu@example.com,cwu@example.com,Cole Wu,10.101.141.192,cwu
199,499,egaines,egaines@example.com,egaines@example.com,Edgar Gaines,172.25.151.137,egaines
